cd,cycle,district_lines,dem_twoway
AK-AL,2016,2016,0.415929203539823
AK-AL,2012,2016,0.4269430051813472
AK-AL,2008,2016,0.38957055214723924
AL-01,2016,2016,0.3493852459016394
AL-01,2012,2016,0.37695332190745034
AL-01,2008,2016,0.3873239436619718
AL-02,2016,2016,0.33707865168539325
AL-02,2012,2016,0.36656596173212486
AL-02,2008,2016,0.35175879396984927
AL-03,2016,2016,0.33094262295081966
AL-03,2012,2016,0.3713420787083754
AL-03,2008,2016,0.3689516129032258
AL-04,2016,2016,0.17791411042944782
AL-04,2012,2016,0.24291497975708504
AL-04,2008,2016,0.25809716599190285
AL-05,2016,2016,0.3260416666666667
AL-05,2012,2016,0.3532388663967611
AL-05,2008,2016,0.3670374115267947
AL-06,2016,2016,0.2693498452012384
AL-06,2012,2016,0.2494949494949495
AL-06,2008,2016,0.2522704339051463
AL-07,2016,2016,0.7093495934959348
AL-07,2012,2016,0.7276381909547739
AL-07,2008,2016,0.7178714859437751
AR-01,2016,2016,0.3172268907563025
AR-01,2012,2016,0.37307297019527236
AR-01,2008,2016,0.40329218106995884
AR-02,2016,2016,0.4431455897980872
AR-02,2012,2016,0.4395491803278689
AR-02,2008,2016,0.45158002038735984
AR-03,2016,2016,0.33008658008658004
AR-03,2012,2016,0.32543769309989706
AR-03,2008,2016,0.3473360655737705
AR-04,2016,2016,0.32774869109947646
AR-04,2012,2016,0.36745138178096215
AR-04,2008,2016,0.38437821171634123
AZ-01,2016,2016,0.49416755037115584
AZ-01,2012,2016,0.4872838250254323
AZ-01,2008,2016,0.4838056680161943
AZ-02,2016,2016,0.5259809119830329
AZ-02,2012,2016,0.4923702950152594
AZ-02,2008,2016,0.4954407294832827
AZ-03,2016,2016,0.6575342465753424
AZ-03,2012,2016,0.624618514750763
AZ-03,2008,2016,0.5884732052578362
AZ-04,2016,2016,0.28886554621848737
AZ-04,2012,2016,0.31568228105906315
AZ-04,2008,2016,0.3488843813387424
AZ-05,2016,2016,0.38788522848034007
AZ-05,2012,2016,0.3516260162601626
AZ-05,2008,2016,0.3670374115267947
AZ-06,2016,2016,0.4472573839662447
AZ-06,2012,2016,0.3947100712105798
AZ-06,2008,2016,0.416582406471183
AZ-07,2016,2016,0.760593220338983
AZ-07,2012,2016,0.730142566191446
AZ-07,2008,2016,0.6548582995951416
AZ-08,2016,2016,0.3890641430073607
AZ-08,2012,2016,0.37423935091277893
AZ-08,2008,2016,0.3878787878787879
AZ-09,2016,2016,0.5875402792696026
AZ-09,2012,2016,0.5230296827021494
AZ-09,2008,2016,0.5197568389057751
CA-01,2016,2016,0.39374325782092773
CA-01,2012,2016,0.4158926728586171
CA-01,2008,2016,0.4421052631578947
CA-02,2016,2016,0.7475622968580715
CA-02,2012,2016,0.71875
CA-02,2008,2016,0.7395833333333334
CA-03,2016,2016,0.5674518201284796
CA-03,2012,2016,0.5574948665297741
CA-03,2008,2016,0.5670103092783505
CA-04,2016,2016,0.4212218649517685
CA-04,2012,2016,0.4055441478439425
CA-04,2008,2016,0.44329896907216493
CA-05,2016,2016,0.7401069518716578
CA-05,2012,2016,0.7170781893004116
CA-05,2008,2016,0.7291666666666666
CA-06,2016,2016,0.7393162393162394
CA-06,2012,2016,0.7094455852156057
CA-06,2008,2016,0.7010309278350515
CA-07,2016,2016,0.5611587982832619
CA-07,2012,2016,0.5204918032786885
CA-07,2008,2016,0.5257731958762887
CA-08,2016,2016,0.4199363732767762
CA-08,2012,2016,0.42857142857142855
CA-08,2008,2016,0.4329896907216495
CA-09,2016,2016,0.5983086680761099
CA-09,2012,2016,0.5903983656792645
CA-09,2008,2016,0.5773195876288659
CA-10,2016,2016,0.5159574468085106
CA-10,2012,2016,0.5184426229508197
CA-10,2008,2016,0.5154639175257731
CA-11,2016,2016,0.7590233545647558
CA-11,2012,2016,0.6926229508196721
CA-11,2008,2016,0.711340206185567
CA-12,2016,2016,0.9083245521601686
CA-12,2012,2016,0.87060041407867494
CA-12,2008,2016,0.865979381443299
CA-13,2016,2016,0.9278131634819533
CA-13,2012,2016,0.9067357512953368
CA-13,2008,2016,0.8969072164948454
CA-14,2016,2016,0.8086225026288117
CA-14,2012,2016,0.7586912065439673
CA-14,2008,2016,0.7525773195876289
CA-15,2016,2016,0.742826780021254
CA-15,2012,2016,0.6952965235173825
CA-15,2008,2016,0.6907216494845361
CA-16,2016,2016,0.6144067796610169
CA-16,2012,2016,0.5979591836734695
CA-16,2008,2016,0.5876288659793815
CA-17,2016,2016,0.7828389830508474
CA-17,2012,2016,0.7381930184804928
CA-17,2008,2016,0.711340206185567
CA-18,2016,2016,0.7841880341880342
CA-18,2012,2016,0.7023686920700309
CA-18,2008,2016,0.7216494845360825
CA-19,2016,2016,0.7722457627118644
CA-19,2012,2016,0.7287615148413511
CA-19,2008,2016,0.7010309278350515
CA-20,2016,2016,0.7521367521367521
CA-20,2012,2016,0.7301750772399588
CA-20,2008,2016,0.7319587628865979
CA-21,2016,2016,0.5816649104320337
CA-21,2012,2016,0.5565749235474007
CA-21,2008,2016,0.5306122448979592
CA-22,2016,2016,0.4498416050686378
CA-22,2012,2016,0.42362525458248473
CA-22,2008,2016,0.4329896907216495
CA-23,2016,2016,0.3832271762208068
CA-23,2012,2016,0.36987704918032793
CA-23,2008,2016,0.3711340206185567
CA-24,2016,2016,0.6083690987124464
CA-24,2012,2016,0.5565843621399177
CA-24,2008,2016,0.5773195876288659
CA-25,2016,2016,0.5356762513312033
CA-25,2012,2016,0.4902564102564102
CA-25,2008,2016,0.5051546391752577
CA-26,2016,2016,0.6166134185303513
CA-26,2012,2016,0.5527123848515865
CA-26,2008,2016,0.5773195876288659
CA-27,2016,2016,0.6991525423728813
CA-27,2012,2016,0.6413934426229508
CA-27,2008,2016,0.6354166666666666
CA-28,2016,2016,0.763771186440678
CA-28,2012,2016,0.7262396694214875
CA-28,2008,2016,0.7291666666666666
CA-29,2016,2016,0.8222222222222223
CA-29,2012,2016,0.7897435897435897
CA-29,2008,2016,0.7628865979381443
CA-30,2016,2016,0.7289029535864978
CA-30,2012,2016,0.6704312114989732
CA-30,2008,2016,0.6804123711340206
CA-31,2016,2016,0.6118769883351007
CA-31,2012,2016,0.5848670756646216
CA-31,2008,2016,0.5773195876288659
CA-32,2016,2016,0.7062566277836692
CA-32,2012,2016,0.6673490276356192
CA-32,2008,2016,0.6391752577319587
CA-33,2016,2016,0.7189819724284199
CA-33,2012,2016,0.62217659137577
CA-33,2008,2016,0.6597938144329897
CA-34,2016,2016,0.8865323435843053
CA-34,2012,2016,0.8547888774459321
CA-34,2008,2016,0.8020833333333334
CA-35,2016,2016,0.7156448202959832
CA-35,2012,2016,0.6877551020408164
CA-35,2008,2016,0.6666666666666666
CA-36,2016,2016,0.5460251046025105
CA-36,2012,2016,0.5162932790224033
CA-36,2008,2016,0.5154639175257731
CA-37,2016,2016,0.8992654774396642
CA-37,2012,2016,0.8698770491803278
CA-37,2008,2016,0.865979381443299
CA-38,2016,2016,0.7097457627118644
CA-38,2012,2016,0.6629213483146068
CA-38,2008,2016,0.6354166666666666
CA-39,2016,2016,0.545550847457627
CA-39,2012,2016,0.48110316649642493
CA-39,2008,2016,0.4895833333333333
CA-40,2016,2016,0.8652631578947368
CA-40,2012,2016,0.8316326530612245
CA-40,2008,2016,0.8020833333333334
CA-41,2016,2016,0.6482465462274177
CA-41,2012,2016,0.6288343558282209
CA-41,2008,2016,0.6082474226804123
CA-42,2016,2016,0.43670886075949367
CA-42,2012,2016,0.4228804902962206
CA-42,2008,2016,0.44329896907216493
CA-43,2016,2016,0.8243953732912723
CA-43,2012,2016,0.7959183673469388
CA-43,2008,2016,0.7731958762886598
CA-44,2016,2016,0.8709338929695698
CA-44,2012,2016,0.8616480162767041
CA-44,2008,2016,0.8350515463917526
CA-45,2016,2016,0.5286624203821656
CA-45,2012,2016,0.4396728016359918
CA-45,2008,2016,0.4742268041237113
CA-46,2016,2016,0.7038216560509555
CA-46,2012,2016,0.6290983606557378
CA-46,2008,2016,0.5979381443298969
CA-47,2016,2016,0.6688034188034189
CA-47,2012,2016,0.6153846153846154
CA-47,2008,2016,0.5979381443298969
CA-48,2016,2016,0.5090329436769394
CA-48,2012,2016,0.44012282497441146
CA-48,2008,2016,0.4742268041237113
CA-49,2016,2016,0.5399361022364217
CA-49,2012,2016,0.4658511722731907
CA-49,2008,2016,0.5051546391752577
CA-50,2016,2016,0.42038216560509556
CA-50,2012,2016,0.3836734693877551
CA-50,2008,2016,0.4020618556701031
CA-51,2016,2016,0.758985200845666
CA-51,2012,2016,0.7060020345879959
CA-51,2008,2016,0.6701030927835051
CA-52,2016,2016,0.6200640341515475
CA-52,2012,2016,0.532719836400818
CA-52,2008,2016,0.5612244897959183
CA-53,2016,2016,0.6854410201912859
CA-53,2012,2016,0.6278118609406953
CA-53,2008,2016,0.6288659793814433
CO-01,2016,2016,0.7483731019522777
CO-01,2012,2016,0.7055214723926381
CO-01,2008,2016,0.7197969543147209
CO-02,2016,2016,0.6169045005488475
CO-02,2012,2016,0.5944558521560575
CO-02,2008,2016,0.6219512195121951
CO-03,2016,2016,0.43478260869565216
CO-03,2012,2016,0.4692622950819672
CO-03,2008,2016,0.4923702950152594
CO-04,2016,2016,0.37404580152671757
CO-04,2012,2016,0.40122824974411464
CO-04,2008,2016,0.4262461851475076
CO-05,2016,2016,0.3672566371681416
CO-05,2012,2016,0.393223819301848
CO-05,2008,2016,0.4030456852791878
CO-06,2016,2016,0.5486338797814208
CO-06,2012,2016,0.5259938837920489
CO-06,2008,2016,0.5441624365482234
CO-07,2016,2016,0.566079295154185
CO-07,2012,2016,0.5759753593429158
CO-07,2008,2016,0.5851172273190622
CT-01,2016,2016,0.6206896551724138
CT-01,2012,2016,0.640040444893832
CT-01,2008,2016,0.6666666666666667
CT-02,2016,2016,0.5153439153439153
CT-02,2012,2016,0.5675126903553299
CT-02,2008,2016,0.5943204868154158
CT-03,2016,2016,0.5804776739356179
CT-03,2012,2016,0.6329625884732052
CT-03,2008,2016,0.6336032388663967
CT-04,2016,2016,0.6195426195426196
CT-04,2012,2016,0.5560040363269425
CT-04,2008,2016,0.6002014098690835
CT-05,2016,2016,0.5214211076280042
CT-05,2012,2016,0.541497975708502
CT-05,2008,2016,0.5708502024291497
DE-AL,2016,2016,0.5603357817418678
DE-AL,2012,2016,0.5943204868154158
DE-AL,2008,2016,0.6265182186234818
FL-01,2016,2016,0.2946708463949843
FL-01,2012,2016,0.30527383367139965
FL-01,2008,2016,0.32388663967611336
FL-02,2016,2016,0.31611570247933884
FL-02,2012,2016,0.3448275862068966
FL-02,2008,2016,0.35699797160243413
FL-03,2016,2016,0.4170124481327801
FL-03,2012,2016,0.42538071065989846
FL-03,2008,2016,0.4473684210526316
FL-04,2016,2016,0.35446985446985446
FL-04,2012,2016,0.3316481294236603
FL-04,2008,2016,0.3515151515151515
FL-05,2016,2016,0.6306584362139919
FL-05,2012,2016,0.6424242424242425
FL-05,2008,2016,0.6377396569122099
FL-06,2016,2016,0.4121900826446281
FL-06,2012,2016,0.47165991902834004
FL-06,2008,2016,0.5070850202429149
FL-07,2016,2016,0.5382198952879581
FL-07,2012,2016,0.5
FL-07,2008,2016,0.5156407669021191
FL-08,2016,2016,0.39229968782518215
FL-08,2012,2016,0.4265450861195542
FL-08,2008,2016,0.44376899696048633
FL-09,2016,2016,0.5667011375387798
FL-09,2012,2016,0.5616161616161617
FL-09,2008,2016,0.5509586276488396
FL-10,2016,2016,0.6390899689762152
FL-10,2012,2016,0.6125126135216953
FL-10,2008,2016,0.6126760563380281
FL-11,2016,2016,0.3340184994861254
FL-11,2012,2016,0.402020202020202
FL-11,2008,2016,0.4316109422492401
FL-12,2016,2016,0.40332640332640335
FL-12,2012,2016,0.4619289340101523
FL-12,2008,2016,0.48073022312373226
FL-13,2016,2016,0.5166666666666667
FL-13,2012,2016,0.5543147208121828
FL-13,2008,2016,0.5634517766497462
FL-14,2016,2016,0.5945945945945946
FL-14,2012,2016,0.582995951417004
FL-14,2008,2016,0.5868686868686869
FL-15,2016,2016,0.448024948024948
FL-15,2012,2016,0.47165991902834004
FL-15,2008,2016,0.4726720647773279
FL-16,2016,2016,0.4446742502585315
FL-16,2012,2016,0.4564777327935222
FL-16,2008,2016,0.48230535894843274
FL-17,2016,2016,0.36008230452674894
FL-17,2012,2016,0.4175935288169868
FL-17,2008,2016,0.44523326572008115
FL-18,2016,2016,0.4527720739219712
FL-18,2012,2016,0.4813319878910192
FL-18,2008,2016,0.5166498486377397
FL-19,2016,2016,0.38619979402677657
FL-19,2012,2016,0.3901209677419355
FL-19,2008,2016,0.42684157416750756
FL-20,2016,2016,0.8158697863682604
FL-20,2012,2016,0.8283132530120483
FL-20,2008,2016,0.8130653266331659
FL-21,2016,2016,0.5997952917093142
FL-21,2012,2016,0.608257804632427
FL-21,2008,2016,0.6384692849949648
FL-22,2016,2016,0.5807770961145194
FL-22,2012,2016,0.5669687814702921
FL-22,2008,2016,0.5871097683786506
FL-23,2016,2016,0.6335721596724668
FL-23,2012,2016,0.6177062374245472
FL-23,2008,2016,0.6243705941591138
FL-24,2016,2016,0.8433367243133265
FL-24,2012,2016,0.860441767068273
FL-24,2008,2016,0.8433734939759037
FL-25,2016,2016,0.49077868852459017
FL-25,2012,2016,0.45171026156941646
FL-25,2008,2016,0.4084507042253521
FL-26,2016,2016,0.5837615621788284
FL-26,2012,2016,0.5579053373615307
FL-26,2008,2016,0.5181086519114688
FL-27,2016,2016,0.6006160164271047
FL-27,2012,2016,0.5337361530715006
FL-27,2008,2016,0.5040241448692153
GA-01,2016,2016,0.42034943473792397
GA-01,2012,2016,0.43478260869565216
GA-01,2008,2016,0.44668008048289737
GA-02,2016,2016,0.5595116988809766
GA-02,2012,2016,0.5895372233400402
GA-02,2008,2016,0.5819095477386934
GA-03,2016,2016,0.33779608650875387
GA-03,2012,2016,0.33367037411526795
GA-03,2008,2016,0.3423967774420947
GA-04,2016,2016,0.7723076923076923
GA-04,2012,2016,0.7419354838709677
GA-04,2008,2016,0.735678391959799
GA-05,2016,2016,0.8771929824561403
GA-05,2012,2016,0.840242669362993
GA-05,2008,2016,0.8490945674044266
GA-06,2016,2016,0.4921135646687697
GA-06,2012,2016,0.38148524923702953
GA-06,2008,2016,0.40464177598385476
GA-07,2016,2016,0.4671532846715328
GA-07,2012,2016,0.38883248730964465
GA-07,2008,2016,0.3941532258064516
GA-08,2016,2016,0.3520982599795292
GA-08,2012,2016,0.3784056508577195
GA-08,2008,2016,0.380281690140845
GA-09,2016,2016,0.19876416065911434
GA-09,2012,2016,0.2079107505070994
GA-09,2008,2016,0.24545454545454545
GA-10,2016,2016,0.368692070030896
GA-10,2012,2016,0.3674089068825911
GA-10,2008,2016,0.39112903225806456
GA-11,2016,2016,0.3692468619246862
GA-11,2012,2016,0.3201219512195122
GA-11,2008,2016,0.35050505050505054
GA-12,2016,2016,0.4170081967213115
GA-12,2012,2016,0.4404040404040404
GA-12,2008,2016,0.44120603015075377
GA-13,2016,2016,0.7274590163934427
GA-13,2012,2016,0.6975806451612904
GA-13,2008,2016,0.6750503018108652
GA-14,2016,2016,0.22760041194644698
GA-14,2012,2016,0.2568527918781726
GA-14,2008,2016,0.2813765182186235
HI-01,2016,2016,0.6741452991452992
HI-01,2012,2016,0.7061803444782169
HI-01,2008,2016,0.7129817444219068
HI-02,2016,2016,0.6747252747252747
HI-02,2012,2016,0.72782874617737
HI-02,2008,2016,0.7466937945066123
IA-01,2016,2016,0.48136315228966986
IA-01,2012,2016,0.5694022289766971
IA-01,2008,2016,0.5915065722952477
IA-02,2016,2016,0.4782146652497343
IA-02,2012,2016,0.566497461928934
IA-02,2008,2016,0.5785207700101317
IA-03,2016,2016,0.48128342245989303
IA-03,2012,2016,0.5212981744421907
IA-03,2008,2016,0.5309017223910841
IA-04,2016,2016,0.3548728813559322
IA-04,2012,2016,0.4589665653495441
IA-04,2008,2016,0.49138804457953394
ID-01,2016,2016,0.2850729517396184
ID-01,2012,2016,0.33161688980432547
ID-01,2008,2016,0.35963114754098363
ID-02,2016,2016,0.3534994068801898
ID-02,2012,2016,0.34053497942386834
ID-02,2008,2016,0.3801229508196722
IL-01,2016,2016,0.7789256198347108
IL-01,2012,2016,0.7963709677419355
IL-01,2008,2016,0.8136958710976838
IL-02,2016,2016,0.8032955715756952
IL-02,2012,2016,0.813508064516129
IL-02,2008,2016,0.8167170191339376
IL-03,2016,2016,0.580441640378549
IL-03,2012,2016,0.5675126903553299
IL-03,2008,2016,0.590678824721378
IL-04,2016,2016,0.8614900314795383
IL-04,2012,2016,0.8255102040816327
IL-04,2008,2016,0.8156028368794326
IL-05,2016,2016,0.746822033898305
IL-05,2012,2016,0.6748466257668712
IL-05,2008,2016,0.7082066869300913
IL-06,2016,2016,0.5374732334047109
IL-06,2012,2016,0.4583333333333333
IL-06,2008,2016,0.5202839756592292
IL-07,2016,2016,0.9047619047619048
IL-07,2012,2016,0.8808080808080808
IL-07,2008,2016,0.9003021148036253
IL-08,2016,2016,0.6148148148148148
IL-08,2012,2016,0.5839267548321465
IL-08,2008,2016,0.6237322515212982
IL-09,2016,2016,0.7378947368421052
IL-09,2012,2016,0.6612410986775178
IL-09,2008,2016,0.6936299292214358
IL-10,2016,2016,0.6553911205073997
IL-10,2012,2016,0.5831643002028398
IL-10,2008,2016,0.6370070778564206
IL-11,2016,2016,0.6246023329798516
IL-11,2012,2016,0.5873983739837397
IL-11,2008,2016,0.6204453441295547
IL-12,2016,2016,0.4222689075630252
IL-12,2012,2016,0.5076608784473953
IL-12,2008,2016,0.5564598168870803
IL-13,2016,2016,0.47071352502662406
IL-13,2012,2016,0.49846153846153846
IL-13,2008,2016,0.5560081466395111
IL-14,2016,2016,0.47914438502673795
IL-14,2012,2016,0.44918699186991873
IL-14,2008,2016,0.513677811550152
IL-15,2016,2016,0.25735294117647056
IL-15,2012,2016,0.3479591836734694
IL-15,2008,2016,0.4358452138492872
IL-16,2016,2016,0.4083155650319829
IL-16,2012,2016,0.4607543323139654
IL-16,2008,2016,0.5091649694501018
IL-17,2016,2016,0.49628055260361326
IL-17,2012,2016,0.5865580448065173
IL-17,2008,2016,0.6091370558375635
IL-18,2016,2016,0.35463258785942486
IL-18,2012,2016,0.381243628950051
IL-18,2008,2016,0.44771573604060916
IN-01,2016,2016,0.5658995815899582
IN-01,2012,2016,0.6206896551724138
IN-01,2008,2016,0.6387487386478304
IN-02,2016,2016,0.37840670859538783
IN-02,2012,2016,0.4287169042769857
IN-02,2008,2016,0.5015166835187057
IN-03,2016,2016,0.31617647058823534
IN-03,2012,2016,0.3635437881873727
IN-03,2008,2016,0.43434343434343436
IN-04,2016,2016,0.31957671957671957
IN-04,2012,2016,0.3773006134969325
IN-04,2008,2016,0.451417004048583
IN-05,2016,2016,0.43749999999999994
IN-05,2012,2016,0.4144602851323829
IN-05,2008,2016,0.46975806451612906
IN-06,2016,2016,0.288117770767613
IN-06,2012,2016,0.38178096212896623
IN-06,2008,2016,0.4421906693711968
IN-07,2016,2016,0.6197478991596639
IN-07,2012,2016,0.6398779247202442
IN-07,2008,2016,0.66902119071644806
IN-08,2016,2016,0.32356020942408376
IN-08,2012,2016,0.40408163265306124
IN-08,2008,2016,0.48733535967578523
IN-09,2016,2016,0.3588667366211962
IN-09,2012,2016,0.4157303370786517
IN-09,2008,2016,0.4671385237613751
KS-01,2016,2016,0.25961538461538464
KS-01,2012,2016,0.2824974411463665
KS-01,2008,2016,0.31568228105906315
KS-02,2016,2016,0.40128755364806873
KS-02,2012,2016,0.43032786885245905
KS-02,2008,2016,0.4617737003058104
KS-03,2016,2016,0.5064377682403434
KS-03,2012,2016,0.45158002038735984
KS-03,2008,2016,0.4944275582573455
KS-04,2016,2016,0.3540772532188841
KS-04,2012,2016,0.3694984646878199
KS-04,2008,2016,0.4026503567787972
KY-01,2016,2016,0.24818276220145374
KY-01,2012,2016,0.32588832487309644
KY-01,2008,2016,0.3746192893401015
KY-02,2016,2016,0.2902208201892745
KY-02,2012,2016,0.3567073170731707
KY-02,2008,2016,0.3768996960486322
KY-03,2016,2016,0.5791139240506329
KY-03,2012,2016,0.5654822335025381
KY-03,2008,2016,0.5676767676767677
KY-04,2016,2016,0.3100529100529101
KY-04,2012,2016,0.3543788187372709
KY-04,2008,2016,0.3756345177664975
KY-05,2016,2016,0.18022657054582905
KY-05,2012,2016,0.23625254582484723
KY-05,2008,2016,0.3217922606924644
KY-06,2016,2016,0.41870350690754515
KY-06,2012,2016,0.43061224489795924
KY-06,2008,2016,0.45482233502538066
LA-01,2016,2016,0.279874213836478
LA-01,2012,2016,0.2750511247443762
LA-01,2008,2016,0.25816326530612244
LA-02,2016,2016,0.7706611570247933
LA-02,2012,2016,0.768762677484787
LA-02,2008,2016,0.742914979757085
LA-03,2016,2016,0.30259067357512953
LA-03,2012,2016,0.3282520325203252
LA-03,2008,2016,0.34689725330620547
LA-04,2016,2016,0.3765432098765432
LA-04,2012,2016,0.4022289766970618
LA-04,2008,2016,0.40384615384615385
LA-05,2016,2016,0.3493852459016394
LA-05,2012,2016,0.3819655521783182
LA-05,2008,2016,0.3718338399189463
LA-06,2016,2016,0.3235908141962422
LA-06,2012,2016,0.32619775739041795
LA-06,2008,2016,0.3140243902439024
MA-01,2016,2016,0.6104589114194237
MA-01,2012,2016,0.6510681586978637
MA-01,2008,2016,0.6554192229038854
MA-02,2016,2016,0.6043010752688173
MA-02,2012,2016,0.599591419816139
MA-02,2008,2016,0.6169560776302349
MA-03,2016,2016,0.6217948717948719
MA-03,2012,2016,0.5788402848423194
MA-03,2008,2016,0.5987780040733198
MA-04,2016,2016,0.6284501061571125
MA-04,2012,2016,0.5802845528455285
MA-04,2008,2016,0.6144455747711088
MA-05,2016,2016,0.7294736842105263
MA-05,2012,2016,0.6632756866734486
MA-05,2008,2016,0.6734486266531027
MA-06,2016,2016,0.5949098621420996
MA-06,2012,2016,0.554766734279919
MA-06,2008,2016,0.5788402848423194
MA-07,2016,2016,0.8760416666666666
MA-07,2012,2016,0.8409785932721713
MA-07,2008,2016,0.8306288032454361
MA-08,2016,2016,0.6371308016877637
MA-08,2012,2016,0.5862068965517241
MA-08,2008,2016,0.5884146341463414
MA-09,2016,2016,0.5567338282078473
MA-09,2012,2016,0.5628803245436106
MA-09,2008,2016,0.5873983739837397
MD-01,2016,2016,0.35010482180293495
MD-01,2012,2016,0.38430173292558617
MD-01,2008,2016,0.39183673469387753
MD-02,2016,2016,0.627348643006263
MD-02,2012,2016,0.6432212028542305
MD-02,2008,2016,0.617737003058104
MD-03,2016,2016,0.6603575184016824
MD-03,2012,2016,0.6206543967280164
MD-03,2008,2016,0.6126401630988787
MD-04,2016,2016,0.7966976264189887
MD-04,2012,2016,0.7896865520728008
MD-04,2008,2016,0.7800201816347124
MD-05,2016,2016,0.6663201663201663
MD-05,2012,2016,0.6710659898477157
MD-05,2008,2016,0.6595744680851064
MD-06,2016,2016,0.5790575916230366
MD-06,2012,2016,0.563265306122449
MD-06,2008,2016,0.572736520854527
MD-07,2016,2016,0.7895833333333333
MD-07,2012,2016,0.7736040609137056
MD-07,2008,2016,0.772819472616633
MD-08,2016,2016,0.6799163179916319
MD-08,2012,2016,0.6326530612244898
MD-08,2008,2016,0.6382113821138211
ME-01,2016,2016,0.5792291220556745
ME-01,2012,2016,0.6094069529652352
ME-01,2008,2016,0.6181262729124236
ME-02,2016,2016,0.44432432432432434
ME-02,2012,2016,0.5436793422404933
ME-02,2008,2016,0.5571428571428572
MI-01,2016,2016,0.3873015873015873
MI-01,2012,2016,0.45803842264914046
MI-01,2008,2016,0.5066258919469929
MI-02,2016,2016,0.4063829787234043
MI-02,2012,2016,0.43491422805247226
MI-02,2008,2016,0.4883011190233978
MI-03,2016,2016,0.4498933901918976
MI-03,2012,2016,0.4630940343781597
MI-03,2008,2016,0.5055951169888098
MI-04,2016,2016,0.3683651804670913
MI-04,2012,2016,0.4595959595959596
MI-04,2008,2016,0.505091649694501
MI-05,2016,2016,0.5220588235294118
MI-05,2012,2016,0.6131313131313132
MI-05,2008,2016,0.6408952187182095
MI-06,2016,2016,0.45541401273885357
MI-06,2012,2016,0.4929292929292929
MI-06,2008,2016,0.5401831129196337
MI-07,2016,2016,0.4099576271186441
MI-07,2012,2016,0.4843276036400404
MI-07,2008,2016,0.5173116089613035
MI-08,2016,2016,0.46455026455026455
MI-08,2012,2016,0.484359233097881
MI-08,2008,2016,0.5284552845528455
MI-09,2016,2016,0.5409663865546218
MI-09,2012,2016,0.5771947527749748
MI-09,2008,2016,0.5916496945010183
MI-10,2016,2016,0.3312368972746331
MI-10,2012,2016,0.4414141414141414
MI-10,2008,2016,0.4897959183673469
MI-11,2016,2016,0.47684210526315784
MI-11,2012,2016,0.4727822580645162
MI-11,2008,2016,0.5096446700507614
MI-12,2016,2016,0.6379853095487933
MI-12,2012,2016,0.6686868686868687
MI-12,2008,2016,0.6805696846388606
MI-13,2016,2016,0.8132094943240453
MI-13,2012,2016,0.8562814070351759
MI-13,2008,2016,0.8565656565656565
MI-14,2016,2016,0.8123076923076923
MI-14,2012,2016,0.8132530120481928
MI-14,2008,2016,0.8277945619335346
MN-01,2016,2016,0.41875681570338064
MN-01,2012,2016,0.5071574642126789
MN-01,2008,2016,0.521025641025641
MN-02,2016,2016,0.49346405228758167
MN-02,2012,2016,0.5005096839959225
MN-02,2008,2016,0.5147808358817534
MN-03,2016,2016,0.5509761388286334
MN-03,2012,2016,0.5040650406504065
MN-03,2008,2016,0.5182926829268293
MN-04,2016,2016,0.6677524429967427
MN-04,2012,2016,0.6377551020408163
MN-04,2008,2016,0.6381243628950052
MN-05,2016,2016,0.7993492407809111
MN-05,2012,2016,0.7538461538461538
MN-05,2008,2016,0.7497446373850868
MN-06,2016,2016,0.3604777415852335
MN-06,2012,2016,0.42346938775510207
MN-06,2008,2016,0.44126659856996936
MN-07,2016,2016,0.33405172413793105
MN-07,2012,2016,0.45
MN-07,2008,2016,0.48307692307692307
MN-08,2016,2016,0.41594827586206895
MN-08,2012,2016,0.5280898876404494
MN-08,2008,2016,0.5440573770491803
MO-01,2016,2016,0.8037578288100209
MO-01,2012,2016,0.8087044534412955
MO-01,2008,2016,0.8119312436804853
MO-02,2016,2016,0.4457323498419388
MO-02,2012,2016,0.42030456852791875
MO-02,2008,2016,0.46868686868686865
MO-03,2016,2016,0.2951680672268908
MO-03,2012,2016,0.36799184505606525
MO-03,2008,2016,0.4340770791075051
MO-04,2016,2016,0.3097251585623679
MO-04,2012,2016,0.3729508196721312
MO-04,2008,2016,0.42581300813008127
MO-05,2016,2016,0.5712777191129884
MO-05,2012,2016,0.5991861648016277
MO-05,2008,2016,0.6275303643724697
MO-06,2016,2016,0.33438818565400846
MO-06,2012,2016,0.3871297242083759
MO-06,2008,2016,0.4380081300813008
MO-07,2016,2016,0.259726603575184
MO-07,2012,2016,0.3094994892747702
MO-07,2008,2016,0.35873983739837395
MO-08,2016,2016,0.21784232365145226
MO-08,2012,2016,0.3268641470888662
MO-08,2008,2016,0.3896236012207528
MS-01,2016,2016,0.33128834355828213
MS-01,2012,2016,0.3741152679474216
MS-01,2008,2016,0.3696969696969697
MS-02,2016,2016,0.6443768996960486
MS-02,2012,2016,0.6680080482897385
MS-02,2008,2016,0.6458752515090543
MS-03,2016,2016,0.3751274209989806
MS-03,2012,2016,0.3945509586276489
MS-03,2008,2016,0.38709677419354843
MS-04,2016,2016,0.28893442622950816
MS-04,2012,2016,0.3157894736842105
MS-04,2008,2016,0.31414141414141417
MT-AL,2016,2016,0.3885281385281385
MT-AL,2012,2016,0.42945417095777555
MT-AL,2008,2016,0.48863636363636365
NC-01,2016,2016,0.6887755102040817
NC-01,2012,2016,0.6858006042296072
NC-01,2008,2016,0.6763819095477387
NC-02,2016,2016,0.4504132231404958
NC-02,2012,2016,0.43434343434343436
NC-02,2008,2016,0.4520686175580222
NC-03,2016,2016,0.3788501026694045
NC-03,2012,2016,0.40968718466195764
NC-03,2008,2016,0.4274193548387097
NC-04,2016,2016,0.7074688796680498
NC-04,2012,2016,0.6534954407294833
NC-04,2008,2016,0.6646464646464646
NC-05,2016,2016,0.4094650205761317
NC-05,2012,2016,0.4281376518218623
NC-05,2008,2016,0.451417004048583
NC-06,2016,2016,0.4246153846153846
NC-06,2012,2016,0.4359233097880929
NC-06,2008,2016,0.4565656565656566
NC-07,2016,2016,0.40923076923076923
NC-07,2012,2016,0.4359233097880929
NC-07,2008,2016,0.4495967741935484
NC-08,2016,2016,0.4228395061728395
NC-08,2012,2016,0.4480322906155399
NC-08,2008,2016,0.4566532258064516
NC-09,2016,2016,0.44032921810699593
NC-09,2012,2016,0.4415322580645161
NC-09,2008,2016,0.4556451612903226
NC-10,2016,2016,0.3737166324435318
NC-10,2012,2016,0.4084934277047522
NC-10,2008,2016,0.42020202020202024
NC-11,2016,2016,0.34979423868312753
NC-11,2012,2016,0.3961499493414387
NC-11,2008,2016,0.4208924949290061
NC-12,2016,2016,0.7066115702479339
NC-12,2012,2016,0.6841574167507568
NC-12,2008,2016,0.6847935548841894
NC-13,2016,2016,0.4517453798767967
NC-13,2012,2016,0.46565656565656566
NC-13,2008,2016,0.48335015136226034
ND-AL,2016,2016,0.3017429193899782
ND-AL,2012,2016,0.3985655737704918
ND-AL,2008,2016,0.4555669050051072
NE-01,2016,2016,0.38633938100320175
NE-01,2012,2016,0.41547861507128314
NE-01,2008,2016,0.4487309644670051
NE-02,2016,2016,0.4883227176220807
NE-02,2012,2016,0.46348884381338745
NE-02,2008,2016,0.5060728744939271
NE-03,2016,2016,0.21074815595363539
NE-03,2012,2016,0.2836734693877551
NE-03,2008,2016,0.31670061099796337
NH-01,2016,2016,0.4915611814345991
NH-01,2012,2016,0.5080971659919028
NH-01,2008,2016,0.5322580645161291
NH-02,2016,2016,0.5126582278481012
NH-02,2012,2016,0.5491388044579534
NH-02,2008,2016,0.5650857719475277
NJ-01,2016,2016,0.6266804550155118
NJ-01,2012,2016,0.6582406471183013
NJ-01,2008,2016,0.6541961577350859
NJ-02,2016,2016,0.4761904761904762
NJ-02,2012,2016,0.5409504550050556
NJ-02,2008,2016,0.5390070921985816
NJ-03,2016,2016,0.4679089026915114
NJ-03,2012,2016,0.5232323232323232
NJ-03,2008,2016,0.5172064777327935
NJ-04,2016,2016,0.4235537190082645
NJ-04,2012,2016,0.4519716885743175
NJ-04,2008,2016,0.45803842264914046
NJ-05,2016,2016,0.49430051813471504
NJ-05,2012,2016,0.4843276036400404
NJ-05,2008,2016,0.4898989898989899
NJ-06,2016,2016,0.5805785123966942
NJ-06,2012,2016,0.6214574898785425
NJ-06,2008,2016,0.5904954499494438
NJ-07,2016,2016,0.5057232049947972
NJ-07,2012,2016,0.4686234817813765
NJ-07,2008,2016,0.47773279352226716
NJ-08,2016,2016,0.7788065843621399
NJ-08,2012,2016,0.7909090909090909
NJ-08,2008,2016,0.7379032258064516
NJ-09,2016,2016,0.6601642710472279
NJ-09,2012,2016,0.6892028254288598
NJ-09,2008,2016,0.6451612903225806
NJ-10,2016,2016,0.8693877551020408
NJ-10,2012,2016,0.8843058350100603
NJ-10,2008,2016,0.8532663316582915
NJ-11,2016,2016,0.49534643226473635
NJ-11,2012,2016,0.47070707070707074
NJ-11,2008,2016,0.4742684157416751
NJ-12,2016,2016,0.6714876033057852
NJ-12,2012,2016,0.672396359959555
NJ-12,2008,2016,0.6636363636363637
NM-01,2016,2016,0.5951557093425606
NM-01,2012,2016,0.5827186512118019
NM-01,2008,2016,0.6048632218844985
NM-02,2016,2016,0.4433333333333333
NM-02,2012,2016,0.4648033126293996
NM-02,2008,2016,0.4908722109533469
NM-03,2016,2016,0.5853107344632767
NM-03,2012,2016,0.5977130977130977
NM-03,2008,2016,0.6200607902735562
NV-01,2016,2016,0.6539278131634819
NV-01,2012,2016,0.6693877551020407
NV-01,2008,2016,0.6615384615384615
NV-02,2016,2016,0.4329334787350055
NV-02,2012,2016,0.45854657113613106
NV-02,2008,2016,0.5061475409836066
NV-03,2016,2016,0.4946808510638298
NV-03,2012,2016,0.5040733197556008
NV-03,2008,2016,0.545361875637105
NV-04,2016,2016,0.5260361317747078
NV-04,2012,2016,0.5545361875637105
NV-04,2008,2016,0.5766871165644172
NY-01,2016,2016,0.4364012409513961
NY-01,2012,2016,0.502532928064843
NY-01,2008,2016,0.5151515151515151
NY-02,2016,2016,0.4530443756449948
NY-02,2012,2016,0.5222672064777327
NY-02,2008,2016,0.5151515151515151
NY-03,2016,2016,0.5314109165808445
NY-03,2012,2016,0.5131313131313131
NY-03,2008,2016,0.54
NY-04,2016,2016,0.5493827160493827
NY-04,2012,2016,0.5681130171543896
NY-04,2008,2016,0.5555555555555556
NY-05,2016,2016,0.8709349593495935
NY-05,2012,2016,0.9087261785356069
NY-05,2008,2016,0.86
NY-06,2016,2016,0.6697530864197531
NY-06,2012,2016,0.6862348178137652
NY-06,2008,2016,0.6363636363636364
NY-07,2016,2016,0.8931140801644398
NY-07,2012,2016,0.8956433637284702
NY-07,2008,2016,0.8484848484848485
NY-08,2016,2016,0.8623853211009174
NY-08,2012,2016,0.89738430583501
NY-08,2008,2016,0.86
NY-09,2016,2016,0.8529111338100102
NY-09,2012,2016,0.8597376387487387
NY-09,2008,2016,0.8484848484848485
NY-10,2016,2016,0.8063851699279094
NY-10,2012,2016,0.745694022289767
NY-10,2008,2016,0.7676767676767676
NY-11,2016,2016,0.4496919917864476
NY-11,2012,2016,0.5217391304347826
NY-11,2008,2016,0.48484848484848486
NY-12,2016,2016,0.8605371900826446
NY-12,2012,2016,0.7815040650406504
NY-12,2008,2016,0.8080808080808081
NY-13,2016,2016,0.9447287615148413
NY-13,2012,2016,0.9536290322580646
NY-13,2008,2016,0.9393939393939394
NY-14,2016,2016,0.796923076923077
NY-14,2012,2016,0.8151515151515152
NY-14,2008,2016,0.7676767676767676
NY-15,2016,2016,0.9503546099290779
NY-15,2012,2016,0.9699097291875627
NY-15,2008,2016,0.95
NY-16,2016,2016,0.7694672131147541
NY-16,2012,2016,0.7429435483870968
NY-16,2008,2016,0.7373737373737373
NY-17,2016,2016,0.6041237113402061
NY-17,2012,2016,0.5767676767676768
NY-17,2008,2016,0.5858585858585859
NY-18,2016,2016,0.490114464099896
NY-18,2012,2016,0.5218274111675126
NY-18,2008,2016,0.5252525252525253
NY-19,2016,2016,0.4641350210970464
NY-19,2012,2016,0.5316326530612245
NY-19,2008,2016,0.5408163265306123
NY-20,2016,2016,0.5714285714285714
NY-20,2012,2016,0.6040816326530613
NY-20,2008,2016,0.5918367346938775
NY-21,2016,2016,0.4259850905218317
NY-21,2012,2016,0.531027466937945
NY-21,2008,2016,0.5252525252525253
NY-22,2016,2016,0.41764080765143463
NY-22,2012,2016,0.49795918367346936
NY-22,2008,2016,0.5
NY-23,2016,2016,0.42144373673036095
NY-23,2012,2016,0.49387755102040815
NY-23,2008,2016,0.5050505050505051
NY-24,2016,2016,0.5191082802547771
NY-24,2012,2016,0.581039755351682
NY-24,2008,2016,0.5714285714285714
NY-25,2016,2016,0.5866807610993657
NY-25,2012,2016,0.5987780040733198
NY-25,2008,2016,0.5959595959595959
NY-26,2016,2016,0.602510460251046
NY-26,2012,2016,0.6507128309572302
NY-26,2008,2016,0.6428571428571429
NY-27,2016,2016,0.37091675447839834
NY-27,2012,2016,0.4368635437881874
NY-27,2008,2016,0.4489795918367347
OH-01,2016,2016,0.4655532359081419
OH-01,2012,2016,0.4690982776089159
OH-01,2008,2016,0.4767676767676768
OH-02,2016,2016,0.41570680628272255
OH-02,2012,2016,0.44410569105691056
OH-02,2008,2016,0.449746192893401
OH-03,2016,2016,0.7008368200836821
OH-03,2012,2016,0.706896551724138
OH-03,2008,2016,0.6828774062816616
OH-04,2016,2016,0.3231578947368421
OH-04,2012,2016,0.42857142857142855
OH-04,2008,2016,0.4454638124362896
OH-05,2016,2016,0.3669141039236479
OH-05,2012,2016,0.45
OH-05,2008,2016,0.4684317718940937
OH-06,2016,2016,0.278125
OH-06,2012,2016,0.43615934627170583
OH-06,2008,2016,0.45705521472392635
OH-07,2016,2016,0.3441762854144806
OH-07,2012,2016,0.4514811031664964
OH-07,2008,2016,0.47955010224948874
OH-08,2016,2016,0.3197492163009405
OH-08,2012,2016,0.37029501525940994
OH-08,2008,2016,0.3871951219512195
OH-09,2016,2016,0.6165966386554622
OH-09,2012,2016,0.6862944162436547
OH-09,2008,2016,0.6788617886178862
OH-10,2016,2016,0.4616998950682057
OH-10,2012,2016,0.49033570701932855
OH-10,2008,2016,0.5
OH-11,2016,2016,0.8256410256410256
OH-11,2012,2016,0.8338368580060422
OH-11,2008,2016,0.8266129032258064
OH-12,2016,2016,0.44058885383806523
OH-12,2012,2016,0.44659206510681587
OH-12,2008,2016,0.45482233502538066
OH-13,2016,2016,0.5339602925809822
OH-13,2012,2016,0.6398779247202442
OH-13,2008,2016,0.6350662589194699
OH-14,2016,2016,0.4399164054336468
OH-14,2012,2016,0.483248730964467
OH-14,2008,2016,0.4984771573604061
OH-15,2016,2016,0.41911764705882354
OH-15,2012,2016,0.47148676171079434
OH-15,2008,2016,0.4689725330620549
OH-16,2016,2016,0.41317991631799167
OH-16,2012,2016,0.4584178498985802
OH-16,2008,2016,0.47918781725888326
OK-01,2016,2016,0.34750265674814035
OK-01,2012,2016,0.342
OK-01,2008,2016,0.358
OK-02,2016,2016,0.23824451410658307
OK-02,2012,2016,0.322
OK-02,2008,2016,0.34299999999999997
OK-03,2016,2016,0.22116402116402115
OK-03,2012,2016,0.261
OK-03,2008,2016,0.271
OK-04,2016,2016,0.30106382978723406
OK-04,2012,2016,0.32899999999999996
OK-04,2008,2016,0.33899999999999997
OK-05,2016,2016,0.4279569892473118
OK-05,2012,2016,0.408
OK-05,2008,2016,0.408
OR-01,2016,2016,0.6241830065359477
OR-01,2012,2016,0.5889003083247687
OR-01,2008,2016,0.6125385405960945
OR-02,2016,2016,0.3918191603875134
OR-02,2012,2016,0.41623843782117165
OR-02,2008,2016,0.44593202883625127
OR-03,2016,2016,0.7585836909871245
OR-03,2012,2016,0.7445708376421923
OR-03,2008,2016,0.75
OR-04,2016,2016,0.500542888165038
OR-04,2012,2016,0.5346432264736298
OR-04,2008,2016,0.5593395252837977
OR-05,2016,2016,0.5227272727272727
OR-05,2012,2016,0.5174180327868853
OR-05,2008,2016,0.5452674897119342
PA-01,2016,2016,0.8137154554759467
PA-01,2012,2016,0.8296370967741936
PA-01,2008,2016,0.7925478348439073
PA-02,2016,2016,0.9224489795918368
PA-02,2012,2016,0.9094567404426559
PA-02,2008,2016,0.9118236472945892
PA-03,2016,2016,0.3642039542143601
PA-03,2012,2016,0.436105476673428
PA-03,2008,2016,0.4695740365111562
PA-04,2016,2016,0.3876698014629049
PA-04,2012,2016,0.4208924949290061
PA-04,2008,2016,0.45601617795753285
PA-05,2016,2016,0.34968684759916496
PA-05,2012,2016,0.4208924949290061
PA-05,2008,2016,0.47768762677484794
PA-06,2016,2016,0.5031315240083507
PA-06,2012,2016,0.48733535967578523
PA-06,2008,2016,0.5353535353535354
PA-07,2016,2016,0.5119418483904465
PA-07,2012,2016,0.49039433771486346
PA-07,2008,2016,0.5171717171717172
PA-08,2016,2016,0.49896049896049893
PA-08,2012,2016,0.49949341438703143
PA-08,2008,2016,0.537917087967644
PA-09,2016,2016,0.2807017543859649
PA-09,2012,2016,0.3637284701114489
PA-09,2008,2016,0.4139676113360324
PA-10,2016,2016,0.31288981288981293
PA-10,2012,2016,0.3898477157360406
PA-10,2008,2016,0.4281376518218623
PA-11,2016,2016,0.3762993762993763
PA-11,2012,2016,0.45223577235772355
PA-11,2008,2016,0.4767206477732793
PA-12,2016,2016,0.39233954451345754
PA-12,2012,2016,0.414387031408308
PA-12,2008,2016,0.4524291497975708
PA-13,2016,2016,0.6731958762886597
PA-13,2012,2016,0.6680121089808275
PA-13,2008,2016,0.6599394550958627
PA-14,2016,2016,0.6839378238341969
PA-14,2012,2016,0.6896551724137931
PA-14,2008,2016,0.6767676767676768
PA-15,2016,2016,0.4604166666666667
PA-15,2012,2016,0.4853090172239109
PA-15,2008,2016,0.5278622087132725
PA-16,2016,2016,0.4642857142857143
PA-16,2012,2016,0.4690982776089159
PA-16,2008,2016,0.5055499495459133
PA-17,2016,2016,0.4477766287487074
PA-17,2012,2016,0.5612968591691997
PA-17,2008,2016,0.5759109311740891
PA-18,2016,2016,0.3985507246376812
PA-18,2012,2016,0.41456016177957533
PA-18,2008,2016,0.4424242424242424
RI-01,2016,2016,0.6341719077568134
RI-01,2012,2016,0.6727642276422764
RI-01,2008,2016,0.676829268292683
RI-02,2016,2016,0.5373291272344901
RI-02,2012,2016,0.6095820591233435
RI-02,2008,2016,0.6099796334012221
SC-01,2016,2016,0.43024494142705
SC-01,2012,2016,0.40812182741116754
SC-01,2008,2016,0.43218623481781376
SC-02,2016,2016,0.4067439409905163
SC-02,2012,2016,0.39999999999999997
SC-02,2008,2016,0.39838220424671383
SC-03,2016,2016,0.3020833333333333
SC-03,2012,2016,0.3445121951219512
SC-03,2008,2016,0.35598377281947263
SC-04,2016,2016,0.36430834213305174
SC-04,2012,2016,0.36788617886178865
SC-04,2008,2016,0.3835198372329603
SC-05,2016,2016,0.4037460978147763
SC-05,2012,2016,0.44174265450861194
SC-05,2008,2016,0.4433198380566801
SC-06,2016,2016,0.6879505664263645
SC-06,2012,2016,0.7161616161616162
SC-06,2008,2016,0.708080808080808
SC-07,2016,2016,0.40267765190525234
SC-07,2012,2016,0.44893832153690594
SC-07,2008,2016,0.45803842264914046
SD-AL,2016,2016,0.34012875536480686
SD-AL,2012,2016,0.40797546012269936
SD-AL,2008,2016,0.45658835546475995
TN-01,2016,2016,0.204356846473029
TN-01,2012,2016,0.2611788617886179
TN-01,2008,2016,0.29035532994923857
TN-02,2016,2016,0.31329113924050633
TN-02,2012,2016,0.31466395112016293
TN-02,2008,2016,0.350253807106599
TN-03,2016,2016,0.3158995815899581
TN-03,2012,2016,0.3567073170731707
TN-03,2008,2016,0.37829614604462475
TN-04,2016,2016,0.28541666666666665
TN-04,2012,2016,0.3363821138211382
TN-04,2008,2016,0.36382113821138207
TN-05,2016,2016,0.5970464135021096
TN-05,2012,2016,0.5680894308943089
TN-05,2008,2016,0.5819838056680162
TN-06,2016,2016,0.24610591900311526
TN-06,2012,2016,0.29918864097363085
TN-06,2008,2016,0.3404471544715447
TN-07,2016,2016,0.2946708463949843
TN-07,2012,2016,0.3336713995943205
TN-07,2008,2016,0.3677811550151976
TN-08,2016,2016,0.31649484536082473
TN-08,2012,2016,0.3316481294236603
TN-08,2008,2016,0.3525252525252525
TN-09,2016,2016,0.7965056526207606
TN-09,2012,2016,0.7893145161290324
TN-09,2008,2016,0.7738693467336684
TX-01,2016,2016,0.2594871794871795
TX-01,2012,2016,0.277497477295661
TX-01,2008,2016,0.30303030303030304
TX-02,2016,2016,0.4513089005235602
TX-02,2012,2016,0.36142131979695435
TX-02,2008,2016,0.37373737373737376
TX-03,2016,2016,0.42557651991614254
TX-03,2012,2016,0.3472081218274112
TX-03,2008,2016,0.37755102040816324
TX-04,2016,2016,0.2242798353909465
TX-04,2012,2016,0.2510121457489879
TX-04,2008,2016,0.29292929292929293
TX-05,2016,2016,0.3536082474226804
TX-05,2012,2016,0.34782608695652173
TX-05,2008,2016,0.37373737373737376
TX-06,2016,2016,0.43600416233090533
TX-06,2012,2016,0.4133738601823708
TX-06,2008,2016,0.42424242424242425
TX-07,2016,2016,0.5073221757322176
TX-07,2012,2016,0.3918781725888325
TX-07,2008,2016,0.40404040404040403
TX-08,2016,2016,0.2474120082815735
TX-08,2012,2016,0.21985815602836878
TX-08,2008,2016,0.26262626262626265
TX-09,2016,2016,0.8150051387461459
TX-09,2012,2016,0.7870837537840566
TX-09,2008,2016,0.7676767676767676
TX-10,2016,2016,0.4523560209424084
TX-10,2012,2016,0.3963227783452502
TX-10,2008,2016,0.43434343434343436
TX-11,2016,2016,0.19711042311661506
TX-11,2012,2016,0.19838056680161942
TX-11,2008,2016,0.23232323232323232
TX-12,2016,2016,0.342050209205021
TX-12,2012,2016,0.3218274111675127
TX-12,2008,2016,0.35353535353535354
TX-13,2016,2016,0.1745867768595041
TX-13,2012,2016,0.18743667679837892
TX-13,2008,2016,0.2222222222222222
TX-14,2016,2016,0.3975155279503106
TX-14,2012,2016,0.39979757085020245
TX-14,2008,2016,0.42424242424242425
TX-15,2016,2016,0.5863495346432265
TX-15,2012,2016,0.5803842264914054
TX-15,2008,2016,0.5757575757575758
TX-16,2016,2016,0.7139852786540484
TX-16,2012,2016,0.6504559270516718
TX-16,2008,2016,0.6464646464646465
TX-17,2016,2016,0.40799158780231337
TX-17,2012,2016,0.38430173292558617
TX-17,2008,2016,0.41414141414141414
TX-18,2016,2016,0.7927461139896373
TX-18,2012,2016,0.7694641051567239
TX-18,2008,2016,0.77
TX-19,2016,2016,0.24479166666666666
TX-19,2012,2016,0.2535496957403651
TX-19,2008,2016,0.2828282828282828
TX-20,2016,2016,0.640083945435467
TX-20,2012,2016,0.5973630831643002
TX-20,2008,2016,0.5858585858585859
TX-21,2016,2016,0.4473684210526316
TX-21,2012,2016,0.38792221084953943
TX-21,2008,2016,0.42857142857142855
TX-22,2016,2016,0.4589823468328141
TX-22,2012,2016,0.3714574898785425
TX-22,2008,2016,0.3939393939393939
TX-23,2016,2016,0.5176715176715178
TX-23,2012,2016,0.48684210526315785
TX-23,2008,2016,0.5050505050505051
TX-24,2016,2016,0.46743697478991597
TX-24,2012,2016,0.3861788617886179
TX-24,2008,2016,0.41414141414141414
TX-25,2016,2016,0.42182581322140605
TX-25,2012,2016,0.38689866939611056
TX-25,2008,2016,0.43434343434343436
TX-26,2016,2016,0.36096537250786986
TX-26,2012,2016,0.3123092573753815
TX-26,2008,2016,0.35353535353535354
TX-27,2016,2016,0.3778467908902692
TX-27,2012,2016,0.3870314083080041
TX-27,2008,2016,0.40404040404040403
TX-28,2016,2016,0.6022727272727273
TX-28,2012,2016,0.609090909090909
TX-28,2008,2016,0.5858585858585859
TX-29,2016,2016,0.7367875647668393
TX-29,2012,2016,0.6663296258847321
TX-29,2008,2016,0.6262626262626263
TX-30,2016,2016,0.8121149897330595
TX-30,2012,2016,0.8024193548387097
TX-30,2008,2016,0.7878787878787878
TX-31,2016,2016,0.432661717921527
TX-31,2012,2016,0.3912155260469867
TX-31,2008,2016,0.43434343434343436
TX-32,2016,2016,0.5099894847528917
TX-32,2012,2016,0.4213197969543147
TX-32,2008,2016,0.4444444444444444
TX-33,2016,2016,0.7546583850931677
TX-33,2012,2016,0.7265388496468215
TX-33,2008,2016,0.69
TX-34,2016,2016,0.6109391124871001
TX-34,2012,2016,0.6135216952573158
TX-34,2008,2016,0.6060606060606061
TX-35,2016,2016,0.6775898520084567
TX-35,2012,2016,0.6454918032786886
TX-35,2008,2016,0.6428571428571429
TX-36,2016,2016,0.25925925925925924
TX-36,2012,2016,0.25985844287158744
TX-36,2008,2016,0.30303030303030304
UT-01,2016,2016,0.31067961165048547
UT-01,2012,2016,0.20858895705521469
UT-01,2008,2016,0.3027806385169928
UT-02,2016,2016,0.41025641025641024
UT-02,2012,2016,0.3004115226337448
UT-02,2008,2016,0.3962848297213622
UT-03,2016,2016,0.33049645390070925
UT-03,2012,2016,0.19938650306748468
UT-03,2008,2016,0.30412371134020616
UT-04,2016,2016,0.4531468531468531
UT-04,2012,2016,0.31006160164271046
UT-04,2008,2016,0.4216494845360825
VA-01,2016,2016,0.4345991561181434
VA-01,2012,2016,0.4397163120567376
VA-01,2008,2016,0.4415322580645161
VA-02,2016,2016,0.4819532908704884
VA-02,2012,2016,0.4883485309017224
VA-02,2008,2016,0.48383838383838385
VA-03,2016,2016,0.6659685863874346
VA-03,2012,2016,0.6835187057633973
VA-03,2008,2016,0.6586102719033232
VA-04,2016,2016,0.6127348643006263
VA-04,2012,2016,0.6103238866396761
VA-04,2008,2016,0.6058467741935484
VA-05,2016,2016,0.4420062695924765
VA-05,2012,2016,0.4664634146341463
VA-05,2008,2016,0.4727272727272727
VA-06,2016,2016,0.3689217758985201
VA-06,2012,2016,0.40183112919633773
VA-06,2008,2016,0.416582406471183
VA-07,2016,2016,0.4656084656084656
VA-07,2012,2016,0.44680851063829785
VA-07,2008,2016,0.4526209677419355
VA-08,2016,2016,0.7786016949152542
VA-08,2012,2016,0.6862348178137652
VA-08,2008,2016,0.66902119071644806
VA-09,2016,2016,0.28407908428720086
VA-09,2012,2016,0.35612244897959183
VA-09,2008,2016,0.40263691683569985
VA-10,2016,2016,0.5529661016949152
VA-10,2012,2016,0.4944275582573455
VA-10,2008,2016,0.5
VA-11,2016,2016,0.7086864406779662
VA-11,2012,2016,0.6325910931174089
VA-11,2008,2016,0.6118951612903226
VT-AL,2016,2016,0.6517241379310346
VT-AL,2012,2016,0.6822810590631364
VT-AL,2008,2016,0.6890243902439024
WA-01,2016,2016,0.588683351468988
WA-01,2012,2016,0.555441478439425
WA-01,2008,2016,0.5733197556008147
WA-02,2016,2016,0.6205016357688115
WA-02,2012,2016,0.6090534979423868
WA-02,2008,2016,0.616717635066259
WA-03,2016,2016,0.45995670995670995
WA-03,2012,2016,0.49128205128205127
WA-03,2008,2016,0.5193877551020408
WA-04,2016,2016,0.3774193548387097
WA-04,2012,2016,0.38831967213114754
WA-04,2008,2016,0.39959225280326205
WA-05,2016,2016,0.4282584884994523
WA-05,2012,2016,0.4495884773662552
WA-05,2008,2016,0.4748717948717948
WA-06,2016,2016,0.5673603504928806
WA-06,2012,2016,0.5765673175745117
WA-06,2008,2016,0.5822267620020428
WA-07,2016,2016,0.8706256627783668
WA-07,2012,2016,0.81397738951695775
WA-07,2008,2016,0.8170731707317074
WA-08,2016,2016,0.5162337662337663
WA-08,2012,2016,0.5081799591002044
WA-08,2008,2016,0.5239064089521872
WA-09,2016,2016,0.7515991471215352
WA-09,2012,2016,0.6976506639427987
WA-09,2008,2016,0.6964467005076141
WA-10,2016,2016,0.5625
WA-10,2012,2016,0.5780287474332648
WA-10,2008,2016,0.5824847250509165
WI-01,2016,2016,0.4457323498419388
WI-01,2012,2016,0.47878787878787876
WI-01,2008,2016,0.5136501516683518
WI-02,2016,2016,0.6940928270042194
WI-02,2012,2016,0.6912955465587044
WI-02,2008,2016,0.7102330293819655
WI-03,2016,2016,0.4760892667375133
WI-03,2012,2016,0.5557809330628803
WI-03,2008,2016,0.6030456852791878
WI-04,2016,2016,0.7724425887265136
WI-04,2012,2016,0.7598385469223007
WI-04,2008,2016,0.7515151515151516
WI-05,2016,2016,0.3938753959873284
WI-05,2012,2016,0.3808080808080808
WI-05,2008,2016,0.4222222222222222
WI-06,2016,2016,0.41058201058201055
WI-06,2012,2016,0.4630940343781597
WI-06,2008,2016,0.5005065856129687
WI-07,2016,2016,0.3922187171398528
WI-07,2012,2016,0.4842958459979737
WI-07,2008,2016,0.5401015228426396
WI-08,2016,2016,0.4071729957805907
WI-08,2012,2016,0.4812942366026289
WI-08,2008,2016,0.5440729483282675
WV-01,2016,2016,0.2796610169491525
WV-01,2012,2016,0.3633572159672467
WV-01,2008,2016,0.4226069246435845
WV-02,2016,2016,0.3088235294117647
WV-02,2012,2016,0.3877551020408163
WV-02,2008,2016,0.44523326572008115
WV-03,2016,2016,0.2432150313152401
WV-03,2012,2016,0.33537832310838445
WV-03,2008,2016,0.43163265306122445
WY-AL,2016,2016,0.2429805615550756
WY-AL,2012,2016,0.2881002087682672
WY-AL,2008,2016,0.33401430030643514
